{
  "create_bucket.js": 1776175456.3807752,
  "playwright.config.ts": 1776521150.1813662,
  "test-pdf.ts": 1776101235.29117,
  "apps/web/eslint.config.mjs": 1776425496.1076276,
  "apps/web/instrumentation.ts": 1774996384.7087026,
  "apps/web/middleware.ts": 1776199456.8044448,
  "apps/web/next-env.d.ts": 1776617548.0077186,
  "apps/web/next.config.mjs": 1776535969.2112567,
  "apps/web/postcss.config.mjs": 1772479307.6473813,
  "apps/web/sentry.client.config.ts": 1776097037.4517903,
  "apps/web/sentry.edge.config.ts": 1776097050.1572177,
  "apps/web/sentry.server.config.ts": 1776097044.2877235,
  "apps/web/tailwind.config.ts": 1776424846.146402,
  "apps/web/app/error.tsx": 1774996393.16506,
  "apps/web/app/global-error.tsx": 1774996392.3884616,
  "apps/web/app/layout.tsx": 1776248947.109368,
  "apps/web/app/not-found.tsx": 1776413829.0805168,
  "apps/web/app/page.tsx": 1772484968.5892515,
  "apps/web/app/robots.ts": 1776097430.8444276,
  "apps/web/app/sitemap.ts": 1776097427.8012793,
  "apps/web/app/api/invoices/render-pdf/route.ts": 1776722940.2931857,
  "apps/web/app/api/trpc/[trpc]/route.ts": 1772710029.0771978,
  "apps/web/app/api/webhooks/paynow/route.ts": 1776432960.8259997,
  "apps/web/app/auth/callback/route.ts": 1776006420.026133,
  "apps/web/app/booking/[bookingId]/confirmed/page.tsx": 1776004817.0819833,
  "apps/web/app/dashboard/layout.tsx": 1776248609.1525896,
  "apps/web/app/dashboard/loading.tsx": 1775925816.9034848,
  "apps/web/app/dashboard/page.tsx": 1776425544.830378,
  "apps/web/app/dashboard/clients/loading.tsx": 1775925819.065626,
  "apps/web/app/dashboard/clients/page.tsx": 1776425606.422808,
  "apps/web/app/dashboard/clients/add/page.tsx": 1776098394.9131155,
  "apps/web/app/dashboard/clients/details/page.tsx": 1776433600.7865386,
  "apps/web/app/dashboard/invoices/loading.tsx": 1775925822.4598367,
  "apps/web/app/dashboard/invoices/page.tsx": 1776464065.4277916,
  "apps/web/app/dashboard/invoices/new/page.tsx": 1776464065.4426925,
  "apps/web/app/dashboard/invoices/[invoiceId]/page.tsx": 1776436849.435584,
  "apps/web/app/dashboard/onboarding/page.tsx": 1776432956.3086245,
  "apps/web/app/dashboard/profile/page.tsx": 1776425668.600737,
  "apps/web/app/dashboard/requests/page.tsx": 1776433595.8283296,
  "apps/web/app/dashboard/retention/page.tsx": 1776425544.8375645,
  "apps/web/app/dashboard/schedule/loading.tsx": 1775925826.6476326,
  "apps/web/app/dashboard/schedule/page.tsx": 1776425606.4320092,
  "apps/web/app/dashboard/schedule/add/page.tsx": 1776425606.4146726,
  "apps/web/app/dashboard/services/page.tsx": 1776425544.8250487,
  "apps/web/app/login/layout.tsx": 1776097436.7217746,
  "apps/web/app/login/page.tsx": 1776371792.3732626,
  "apps/web/app/p/[providerId]/page.tsx": 1776425606.454704,
  "apps/web/app/p/[providerId]/book/page.tsx": 1776433597.731081,
  "apps/web/app/privacy/page.tsx": 1774978467.5505323,
  "apps/web/app/signup/layout.tsx": 1776097434.7155266,
  "apps/web/app/signup/page.tsx": 1776371768.094635,
  "apps/web/app/terms/page.tsx": 1774978426.4488258,
  "apps/web/public/sw.js": 1775065212.6141,
  "apps/web/src/app/layout.tsx": 1776437911.6320016,
  "apps/web/src/app/api/trpc/[trpc]/route.ts": 1772707783.9171493,
  "apps/web/src/blocks/pdfx/invoice-classic/invoice-classic.tsx": 1776722625.5033462,
  "apps/web/src/blocks/pdfx/invoice-classic/invoice-classic.types.ts": 1776722148.8841019,
  "apps/web/src/blocks/pdfx/invoice-modern/invoice-modern.tsx": 1776722627.5134816,
  "apps/web/src/blocks/pdfx/invoice-modern/invoice-modern.types.ts": 1776722216.2615123,
  "apps/web/src/blocks/pdfx/servicesync-invoice/servicesync-invoice.tsx": 1776722353.3588076,
  "apps/web/src/blocks/pdfx/servicesync-invoice/servicesync-invoice.types.ts": 1776722363.4256897,
  "apps/web/src/components/AuthGuard.tsx": 1774980815.3934293,
  "apps/web/src/components/CookieConsent.tsx": 1774983290.0543249,
  "apps/web/src/components/DigitalHandshakeModal.tsx": 1776425606.4390485,
  "apps/web/src/components/OfflineDetector.tsx": 1776438351.7427876,
  "apps/web/src/components/OnboardingGuard.tsx": 1776413829.1006386,
  "apps/web/src/components/page-transition.tsx": 1775925800.0351336,
  "apps/web/src/components/Providers.tsx": 1776535965.8389351,
  "apps/web/src/components/PushNotificationRegistrar.tsx": 1775065211.8318944,
  "apps/web/src/components/PwaInstallPrompt.tsx": 1776425575.070698,
  "apps/web/src/components/WhatsAppButton.tsx": 1772483695.1337252,
  "apps/web/src/components/demos/CubeLoaderDemo.tsx": 1772483694.8714178,
  "apps/web/src/components/figma/ImageWithFallback.tsx": 1776425606.4466655,
  "apps/web/src/components/layout/MobileNav.tsx": 1776250959.9262717,
  "apps/web/src/components/layout/PageTransition.tsx": 1772484974.8641105,
  "apps/web/src/components/onboarding/LocalePicker.tsx": 1776243910.582016,
  "apps/web/src/components/onboarding/OnboardingChecklist.tsx": 1776425575.0842905,
  "apps/web/src/components/onboarding/PayNowPreviewModal.tsx": 1776243971.660315,
  "apps/web/src/components/pdfx/alert/pdfx-alert.tsx": 1776437214.5151963,
  "apps/web/src/components/pdfx/badge/pdfx-badge.tsx": 1776437214.5222654,
  "apps/web/src/components/pdfx/card/pdfx-card.tsx": 1776437214.5302873,
  "apps/web/src/components/pdfx/data-table/pdfx-data-table.styles.ts": 1776437214.536801,
  "apps/web/src/components/pdfx/data-table/pdfx-data-table.tsx": 1776437214.543685,
  "apps/web/src/components/pdfx/data-table/pdfx-data-table.types.ts": 1776435756.3602023,
  "apps/web/src/components/pdfx/divider/pdfx-divider.tsx": 1776437214.5517008,
  "apps/web/src/components/pdfx/form/pdfx-form.styles.ts": 1776437214.558254,
  "apps/web/src/components/pdfx/form/pdfx-form.tsx": 1776437214.5673327,
  "apps/web/src/components/pdfx/form/pdfx-form.types.ts": 1776435766.2287784,
  "apps/web/src/components/pdfx/heading/pdfx-heading.tsx": 1776437214.577726,
  "apps/web/src/components/pdfx/keep-together/pdfx-keep-together.tsx": 1776435778.268129,
  "apps/web/src/components/pdfx/key-value/pdfx-key-value.tsx": 1776618789.9349117,
  "apps/web/src/components/pdfx/link/pdfx-link.tsx": 1776437214.587764,
  "apps/web/src/components/pdfx/list/pdfx-list.styles.ts": 1776437214.597567,
  "apps/web/src/components/pdfx/list/pdfx-list.tsx": 1776437214.607074,
  "apps/web/src/components/pdfx/list/pdfx-list.types.ts": 1776435792.1318073,
  "apps/web/src/components/pdfx/page-break/pdfx-page-break.tsx": 1776435796.2401793,
  "apps/web/src/components/pdfx/page-footer/pdfx-page-footer.tsx": 1776437214.6162372,
  "apps/web/src/components/pdfx/page-header/pdfx-page-header.tsx": 1776437214.6335118,
  "apps/web/src/components/pdfx/page-number/pdfx-page-number.tsx": 1776437214.6435685,
  "apps/web/src/components/pdfx/pdf-image/pdfx-pdf-image.tsx": 1776618791.9544716,
  "apps/web/src/components/pdfx/qrcode/pdfx-qrcode.tsx": 1776437214.6530888,
  "apps/web/src/components/pdfx/section/pdfx-section.tsx": 1776618808.9348488,
  "apps/web/src/components/pdfx/signature/pdfx-signature.tsx": 1776437214.6627762,
  "apps/web/src/components/pdfx/table/pdfx-table.styles.ts": 1776465977.1318028,
  "apps/web/src/components/pdfx/table/pdfx-table.tsx": 1776618787.599787,
  "apps/web/src/components/pdfx/table/pdfx-table.types.ts": 1776435275.1177495,
  "apps/web/src/components/pdfx/text/pdfx-text.tsx": 1776618807.675395,
  "apps/web/src/components/tutorial/index.ts": 1776241383.6812954,
  "apps/web/src/components/tutorial/steps.ts": 1776250879.438387,
  "apps/web/src/components/tutorial/TutorialCoachmark.tsx": 1776240738.251166,
  "apps/web/src/components/tutorial/TutorialOverlay.tsx": 1776413829.1116967,
  "apps/web/src/components/tutorial/TutorialProgress.tsx": 1776240715.9196737,
  "apps/web/src/components/tutorial/useTutorialGate.ts": 1776413829.119795,
  "apps/web/src/components/ui/accordion.tsx": 1772483694.902897,
  "apps/web/src/components/ui/alert-dialog.tsx": 1772483694.9074004,
  "apps/web/src/components/ui/alert.tsx": 1772483694.9120977,